Symbol,Series,Date,Prev Close,Open Price,High Price,Low Price,Last Price,Close,Average Price,Total Traded Quantity,Turnover,No. of Trades,Deliverable Qty,% Dly Qt to Traded Qty
TCS,BL,25-Feb-19,2029.7,1925.65,1925.65,1925.65,1925.65,1925.65,1925.65,1057509,2036392206,2,0,0
TCS,EQ,25-Feb-19,1925.65,1932.5,1990,1930.5,1987,1985.15,1961.61,2934880,5757094593,140541,1341508,45.71
TCS,EQ,26-Feb-19,1985.15,1984,2045.15,1972.25,2032.5,2038.7,2022.12,6453309,13049353836,177907,3366710,52.17
TCS,EQ,27-Feb-19,2038.7,2040,2074.95,2022,2052.5,2058.1,2050.25,4732082,9701947351,168823,2532055,53.51
TCS,EQ,28-Feb-19,2058.1,2060,2071.35,1977.6,1983.5,1983.45,2009.42,8454295,16988212895,284872,3927877,46.46
TCS,EQ,1-Mar-19,1983.45,1995.05,2005,1980.35,1995,1995.4,1993.73,4148548,8271064290,128204,2071633,49.94
TCS,EQ,5-Mar-19,1995.4,2005,2007,1976.6,1985.05,1988.1,1987.11,2449622,4867670462,151723,1394714,56.94
TCS,EQ,6-Mar-19,1988.1,1989.3,2015,1985.05,2005,1999.6,2001.3,2635047,5273530564,179625,1257394,47.72
TCS,EQ,7-Mar-19,1999.6,2005,2024.05,2000.2,2015,2013.3,2014.4,2539884,5116330320,126121,1392383,54.82
TCS,EQ,8-Mar-19,2013.3,2025,2033,2010.05,2022.75,2022.7,2023.03,2031071,4108921516,116872,971744,47.84
TCS,EQ,11-Mar-19,2022.7,2028.9,2033,2003.65,2016.15,2014.8,2017.1,3111689,6276593842,104833,2195339,70.55
TCS,EQ,12-Mar-19,2014.8,2014.05,2024.8,2003,2009.1,2012.45,2015.6,2658550,5358583633,132223,1716971,64.58
TCS,EQ,13-Mar-19,2012.45,2013,2015.9,1978.6,1995,2000.5,2001.12,1833163,3668374640,112785,821473,44.81
TCS,EQ,14-Mar-19,2000.5,2004.95,2007.8,1981,1990.4,1987.4,1991.28,1905495,3794368664,124863,1000627,52.51
TCS,EQ,15-Mar-19,1987.4,1998.9,2068.95,1991,2036,2039.95,2040.01,5184318,10576085296,164284,2256287,43.52
TCS,EQ,18-Mar-19,2039.95,2043,2064.6,2011,2023.85,2022.8,2033.02,2349915,4777435477,116385,867727,36.93
TCS,EQ,19-Mar-19,2022.8,2030,2030,1995.1,2028.5,2022.8,2010.71,2373993,4773416985,135360,1176359,49.55
TCS,EQ,20-Mar-19,2022.8,2028,2044.8,2000,2000.25,2015.05,2025.82,3091165,6262136193,161415,1678488,54.3
TCS,BL,22-Mar-19,1925.65,2015.05,2015.05,2015.05,2015.05,2015.05,2015.05,264913,533812940.7,1,264913,100
TCS,EQ,22-Mar-19,2015.05,2015,2016,1983.3,2010,2005.65,1998.96,3148149,6293031837,155770,1787595,56.78
TCS,EQ,25-Mar-19,2005.65,2007.8,2007.8,1977.2,1980.8,1984.25,1987.88,2429205,4828960486,94852,1430988,58.91
TCS,EQ,26-Mar-19,1984.25,1984,1994.95,1958.05,1977.4,1982.65,1971.46,2316539,4566962638,114153,893480,38.57
TCS,EQ,27-Mar-19,1982.65,1994,1998,1961,1964.85,1967.9,1979.12,2266166,4485003551,110306,1163070,51.32
TCS,EQ,28-Mar-19,1967.9,1980,2014.6,1972.8,2004.45,2000.3,1993.96,4054489,8084506923,144600,2150827,53.05
TCS,EQ,29-Mar-19,2000.3,2019,2024.9,1983.55,2000,2001.65,2001.7,2948955,5902926701,134193,1191681,40.41
TCS,EQ,1-Apr-19,2001.65,2010,2039.95,2008.25,2034.95,2031.65,2027.91,2095740,4249964902,109983,748739,35.73
TCS,EQ,2-Apr-19,2031.65,2037.1,2086,2037,2079,2079.3,2064.13,3719663,7677855817,124157,1757245,47.24
TCS,EQ,3-Apr-19,2079.3,2085,2089.6,2058.1,2078.15,2079.3,2073.86,2939886,6096919299,119988,1164726,39.62
TCS,EQ,4-Apr-19,2079.3,2078.15,2079.7,2007.4,2017,2014.5,2039.77,4397518,8969909269,145227,2310866,52.55
TCS,EQ,5-Apr-19,2014.5,2028.65,2054.4,2018.8,2051,2048.3,2037.19,3152103,6421435440,96704,1536645,48.75
TCS,EQ,8-Apr-19,2048.3,2059,2075,2032.7,2073.6,2070.75,2056.64,2194294,4512880261,130397,788699,35.94
TCS,EQ,9-Apr-19,2070.75,2070,2098,2057.65,2087.45,2091.5,2085.63,2690970,5612369594,122603,1036682,38.52
TCS,EQ,10-Apr-19,2091.5,2083,2085.5,2036,2043.65,2040.25,2053.91,3313062,6804718227,168190,1821699,54.99
TCS,EQ,11-Apr-19,2040.25,2045,2055,2013.65,2025,2019.5,2028.47,3422442,6942308979,133153,1568180,45.82
TCS,EQ,12-Apr-19,2019.5,2038,2039,2007,2013.05,2014.5,2019.97,3198471,6460808052,126989,1040440,32.53
TCS,EQ,15-Apr-19,2014.5,2070,2119.8,2041,2113,2113.3,2086.02,9189201,19168862828,282918,3402175,37.02
TCS,EQ,16-Apr-19,2113.3,2120,2155.95,2115.55,2137,2131.8,2137.54,5771952,12337757820,222230,2514452,43.56
TCS,EQ,18-Apr-19,2131.8,2149.9,2155,2114.2,2149.25,2150.05,2138.81,3413728,7301311596,159168,1564757,45.84
TCS,EQ,22-Apr-19,2150.05,2148,2176,2145.6,2160.3,2161.45,2165.74,2007135,4346926221,79881,717594,35.75
TCS,EQ,23-Apr-19,2161.45,2163,2165.5,2134.05,2163,2155.05,2147.21,2163524,4645533582,88782,970246,44.85
TCS,EQ,24-Apr-19,2155.05,2158,2195,2156.1,2168.6,2183.45,2172.32,3003071,6523621910,128669,1718919,57.24
TCS,EQ,25-Apr-19,2183.45,2175,2205,2168.05,2203,2195,2189.55,4211526,9221344246,108403,2971130,70.55
TCS,EQ,26-Apr-19,2195,2203,2243.95,2193.15,2231.1,2238.55,2225.36,2716958,6046198156,110079,1175323,43.26
TCS,EQ,30-Apr-19,2238.55,2238.55,2266.95,2230.1,2256.25,2260.35,2252.48,3488395,7857544876,135194,2026970,58.11
TCS,EQ,2-May-19,2260.35,2255,2259.4,2211.1,2214.7,2215.4,2227.88,2457699,5475449035,106215,1064368,43.31
TCS,EQ,3-May-19,2215.4,2185,2186.05,2125,2137,2132,2153,3780886,8140257404,188561,1641641,43.42
TCS,EQ,6-May-19,2132,2110,2165,2108.5,2155.2,2157.85,2150.11,2891422,6216881349,109314,1224571,42.35
TCS,EQ,7-May-19,2157.85,2160.05,2184.35,2138.8,2154,2151.95,2163.53,2201698,4763441090,86096,975603,44.31
TCS,EQ,8-May-19,2151.95,2151,2168,2130.4,2156,2152.85,2151.85,1824895,3926902425,77713,781526,42.83
TCS,EQ,9-May-19,2152.85,2145,2184.1,2136.1,2171.2,2172.55,2166.98,2264162,4906404979,106297,1251459,55.27
TCS,EQ,10-May-19,2172.55,2175,2192,2125.85,2130.25,2135.8,2161.83,2039633,4409349006,85446,873181,42.81
TCS,EQ,13-May-19,2135.8,2133,2167,2121.65,2134,2128.75,2143.87,1701744,3648325263,74014,677242,39.8
TCS,EQ,14-May-19,2128.75,2135,2159.8,2072.35,2095.8,2092.35,2101.14,2456110,5160632656,118567,926566,37.72
TCS,EQ,15-May-19,2092.35,2097,2124,2084.5,2095,2095.4,2103.66,2346876,4937022682,119315,1108059,47.21
TCS,EQ,16-May-19,2095.4,2096,2124,2077.05,2111.5,2108.75,2107.55,1946529,4102397614,118994,916519,47.08
TCS,EQ,17-May-19,2108.75,2112.6,2135,2090,2094,2095.45,2107.34,1947908,4104894879,85798,891442,45.76
TCS,EQ,20-May-19,2095.45,2125,2151.4,2050,2148,2143.95,2119.5,2625116,5563937036,112038,1154403,43.98
TCS,EQ,21-May-19,2143.95,2148.05,2148.7,2102.55,2106.2,2109.75,2122.37,1863157,3954316659,100432,1042172,55.94
TCS,EQ,22-May-19,2109.75,2110,2121.95,2075,2090,2081.75,2091.31,2595795,5428609876,154844,1410070,54.32
TCS,EQ,23-May-19,2081.75,2098,2115.35,2050,2057,2054.05,2071.74,2541294,5264898714,122224,1169296,46.01
TCS,EQ,24-May-19,2054.05,2070,2070,2032.25,2050,2048,2051.14,2274208,4664725693,114179,1255954,55.23
TCS,EQ,27-May-19,2048,2054.8,2068.95,2040.1,2058,2055.15,2054.87,2329820,4787473258,85924,1377094,59.11
TCS,EQ,28-May-19,2055.15,2060,2097.5,2045,2068,2073.75,2076.46,5872979,12194983827,205972,4034671,68.7
TCS,EQ,29-May-19,2073.75,2080,2123.7,2077.1,2114.2,2107.55,2109.46,3281320,6921811131,177202,1508313,45.97
TCS,EQ,30-May-19,2107.55,2123,2156.55,2114.4,2146.3,2146.3,2142.62,4971725,10652535238,150672,2210404,44.46
TCS,EQ,31-May-19,2146.3,2160,2204.95,2152.25,2200,2196.55,2184.11,4265370,9316057232,161842,2338193,54.82
TCS,EQ,3-Jun-19,2196.55,2201,2247.65,2185.65,2240.1,2242.3,2223.68,3682419,8188536869,138425,1964140,53.34
TCS,EQ,4-Jun-19,2242.3,2224,2224,2175,2188,2183.1,2195.01,2408658,5287022188,98393,973876,40.43
TCS,EQ,6-Jun-19,2183.1,2199,2199,2152,2166,2166.1,2169.63,3735467,8104595595,116134,2225149,59.57
TCS,EQ,7-Jun-19,2166.1,2174,2189.8,2142.1,2179.8,2181.75,2161.21,2659446,5747611167,79783,886597,33.34
TCS,EQ,10-Jun-19,2181.75,2196.7,2235.85,2185.5,2229.1,2231.5,2219.98,2080593,4618876310,106316,814523,39.15
TCS,EQ,11-Jun-19,2231.5,2237,2263.95,2231,2252,2252.8,2250.89,3048937,6862835495,148188,1367975,44.87
TCS,EQ,12-Jun-19,2252.8,2245,2266.9,2219,2264,2260.9,2241.29,2404448,5389074309,141774,1036077,43.09
TCS,EQ,13-Jun-19,2260.9,2264,2285,2243.05,2244,2254.1,2265.77,3320916,7524421056,138967,1358755,40.92
TCS,EQ,14-Jun-19,2254.1,2257.25,2263.1,2234,2249.8,2254.5,2250.08,2131408,4795830704,130534,947049,44.43
TCS,EQ,17-Jun-19,2254.5,2256,2262,2241.45,2244,2249.2,2252.43,1489497,3354989739,82160,649266,40.43
TCS,EQ,18-Jun-19,2249.2,2244,2260,2231.2,2253.5,2250.85,2245.75,1877447,4216271605,148431,959921,49.34
TCS,EQ,19-Jun-19,2250.85,2255,2276,2243.15,2261.2,2259.9,2262.19,1652817,3738994073,88350,715271,43.28
TCS,EQ,20-Jun-19,2259.9,2230,2284,2212,2283.3,2277.95,2248.36,2199377,4944988185,123696,870081,39.56
TCS,EQ,21-Jun-19,2277.95,2285,2292.5,2242,2252.05,2249.85,2255.87,3871804,8734275729,141057,2767225,71.47
TCS,EQ,24-Jun-19,2249.85,2254.15,2280,2250.8,2277,2275.5,2267.8,1382424,3135065459,78153,528471,38.23
TCS,EQ,25-Jun-19,2275.5,2270,2274.45,2250.5,2263,2267.8,2264.08,1386077,3138189677,99699,598681,43.19
TCS,EQ,26-Jun-19,2267.8,2265,2266.8,2250,2253.05,2254.2,2259.22,1762224,3981246152,94030,931941,52.88
TCS,EQ,27-Jun-19,2254.2,2255,2264,2241.3,2261.5,2252.55,2254.5,2813464,6342943270,138850,1814968,64.51
TCS,EQ,28-Jun-19,2252.55,2260,2261.95,2222.5,2228,2227.2,2234.73,2372928,5302849983,115508,1468460,61.88
TCS,EQ,1-Jul-19,2227.2,2235,2255,2206.6,2233.05,2239.55,2237.15,2769940,6196758935,129268,1579799,57.03
TCS,EQ,2-Jul-19,2239.55,2244.9,2257,2216.45,2254.3,2252.1,2237.79,1771746,3964796611,97184,816451,46.08
TCS,EQ,3-Jul-19,2252.1,2252.2,2258.8,2232,2234,2237.65,2242.16,1656881,3714996570,87941,739089,44.61
TCS,EQ,4-Jul-19,2237.65,2234,2252,2230.1,2241,2242.65,2241.04,984140,2205501632,59990,352899,35.86
TCS,EQ,5-Jul-19,2242.65,2247,2250,2140,2166.85,2163.1,2179.39,4088470,8910374712,160276,1736073,42.46
TCS,EQ,8-Jul-19,2163.1,2149,2188.8,2132.1,2171.1,2175.4,2168.49,2788062,6045877428,109097,1186748,42.57
TCS,EQ,9-Jul-19,2175.4,2174,2174.4,2104.55,2120,2133.35,2128.96,3977224,8467341968,191613,1817164,45.69
TCS,EQ,10-Jul-19,2133.35,2080,2127.85,2071.3,2105.3,2108.2,2102.52,6343581,13337498421,223857,1665050,26.25
TCS,EQ,11-Jul-19,2108.2,2128,2129,2086.05,2101.95,2102.55,2103.2,2400346,5048402095,164280,967380,40.3
TCS,EQ,12-Jul-19,2102.55,2102.1,2119.75,2093.1,2108,2107.6,2108.31,1560725,3290489159,94025,759972,48.69
TCS,EQ,15-Jul-19,2107.6,2125,2153.6,2098,2135.5,2145.7,2126.77,2900415,6168520112,158215,1436299,49.52
TCS,EQ,16-Jul-19,2145.7,2126,2132.5,2100,2105,2106,2108.89,2735399,5768652610,182859,1518786,55.52
TCS,EQ,17-Jul-19,2106,2108,2125,2092.1,2111.8,2117.25,2111.55,1802969,3807055297,108297,639367,35.46
TCS,EQ,18-Jul-19,2117.25,2116.2,2116.2,2060,2075.55,2065.95,2084.29,3072096,6403142580,167750,1936907,63.05
TCS,EQ,19-Jul-19,2065.95,2077,2097,2062.5,2079.9,2076.95,2080.79,1953177,4064152463,108418,856415,43.85
TCS,EQ,22-Jul-19,2076.95,2077,2117.45,2068.8,2107.15,2109.9,2099.33,1920167,4031065399,113048,889344,46.32
TCS,EQ,23-Jul-19,2109.9,2127.9,2130,2102.4,2119.95,2112.45,2120.71,3538588,7504314835,117545,2468145,69.75
TCS,EQ,24-Jul-19,2112.45,2110,2120.8,2076.5,2097.55,2096.8,2097.5,2413196,5061674806,112922,1199779,49.72
TCS,EQ,25-Jul-19,2096.8,2108.9,2135,2092.55,2128.25,2127.9,2118.42,2544464,5390236891,119553,1320598,51.9
TCS,EQ,26-Jul-19,2127.9,2129.8,2129.8,2095,2112.65,2109.05,2109.59,1720592,3629738982,88967,1052092,61.15
TCS,EQ,29-Jul-19,2109.05,2110.8,2142,2103.3,2125.1,2130,2123.42,1647090,3497461296,95152,670671,40.72
TCS,EQ,30-Jul-19,2130,2130,2185,2120.45,2176.3,2179.15,2162.72,2851672,6167374326,151588,1640143,57.52
TCS,EQ,31-Jul-19,2179.15,2171.75,2211.7,2147.15,2201,2205.7,2180.17,3000677,6541994700,132679,1406687,46.88
TCS,EQ,1-Aug-19,2205.7,2200,2217.5,2166.25,2178.3,2180.05,2195.1,2375236,5213870563,175166,1115202,46.95
TCS,EQ,2-Aug-19,2180.05,2173,2210,2165.5,2205,2205.3,2185.91,2500816,5466555712,154834,1184875,47.38
TCS,EQ,5-Aug-19,2205.3,2199.9,2252.25,2195.6,2240,2248.6,2241.19,3039682,6812507106,149146,1648531,54.23
TCS,EQ,6-Aug-19,2248.6,2232.8,2251.95,2211.45,2213.75,2214.9,2232.27,2885467,6441130303,181107,1254987,43.49
TCS,EQ,7-Aug-19,2214.9,2230,2238.5,2207.25,2218.9,2213.45,2223.14,2165362,4813906243,141079,1149124,53.07
TCS,EQ,8-Aug-19,2213.45,2228.9,2281,2218.9,2253.8,2258.1,2247.44,2073298,4659603954,139214,942856,45.48
TCS,EQ,9-Aug-19,2258.1,2260,2267.9,2241.35,2245,2246.25,2253.09,1744550,3930622404,119969,708230,40.6
TCS,EQ,13-Aug-19,2246.25,2245,2246.25,2194.3,2200,2199.45,2219.61,1647281,3656315691,157195,893401,54.23
TCS,EQ,14-Aug-19,2199.45,2181.1,2217.85,2167.4,2205.3,2204.4,2200.61,1945002,4280198913,122192,969990,49.87
TCS,EQ,16-Aug-19,2204.4,2241.4,2241.4,2143.25,2162,2165.1,2173.77,3755507,8163597624,191781,2121016,56.48
TCS,EQ,19-Aug-19,2165.1,2180,2186,2157.7,2166,2163,2171.81,974884,2117265897,80584,358199,36.74
TCS,EQ,20-Aug-19,2163,2172,2205,2166.5,2190,2186.75,2190.28,1843611,4038017157,104689,608831,33.02
TCS,EQ,21-Aug-19,2186.75,2184.95,2202,2182.25,2183,2186.2,2193.43,1214408,2663722478,75613,523155,43.08
TCS,EQ,22-Aug-19,2186.2,2187,2235.65,2170,2210,2216,2213.54,2131601,4718387346,106338,923535,43.33
TCS,EQ,23-Aug-19,2216,2214.95,2259.9,2213.9,2250,2247.7,2244.15,2826425,6342931920,142446,1480086,52.37
TCS,EQ,26-Aug-19,2247.7,2247,2282,2225,2267,2276.3,2259.83,2345475,5300365695,113243,1140315,48.62
TCS,EQ,27-Aug-19,2276.3,2270,2274.85,2229,2241.5,2236.5,2241.51,3432106,7693101227,182084,2396488,69.83
TCS,EQ,28-Aug-19,2236.5,2240,2252.15,2216,2238.35,2239.25,2233.18,1294621,2891125233,91252,538431,41.59
TCS,EQ,29-Aug-19,2239.25,2222.2,2248.2,2222.2,2232,2233.45,2235.21,1670652,3734260244,98341,761633,45.59
TCS,EQ,30-Aug-19,2233.45,2241,2266,2218,2259,2259.6,2241.92,2583625,5792267670,117933,1472256,56.98
TCS,EQ,3-Sep-19,2259.6,2270,2296.2,2236.95,2246,2251.6,2275.88,2545060,5792249619,131301,1257157,49.4
TCS,EQ,4-Sep-19,2251.6,2265,2270,2233,2245.2,2245.4,2248.41,2228092,5009661776,128138,1359618,61.02
TCS,EQ,5-Sep-19,2245.4,2242.2,2253.65,2207.3,2215.95,2215.3,2225.26,2055943,4575003143,133165,1200345,58.38
TCS,EQ,6-Sep-19,2215.3,2216,2233.5,2192.6,2198,2197.5,2204.18,1890550,4167105292,118713,853437,45.14
TCS,EQ,9-Sep-19,2197.5,2200,2202.85,2179.8,2185,2182.85,2188.09,1703945,3728385319,121273,677662,39.77
TCS,EQ,11-Sep-19,2182.85,2186,2195,2146.55,2151.6,2154,2162.64,2627440,5682202898,199136,1433413,54.56
TCS,EQ,12-Sep-19,2154,2155,2165,2120.35,2134.6,2133.6,2135.46,2118859,4524743295,138766,1080259,50.98
TCS,EQ,13-Sep-19,2133.6,2135,2157.95,2115.55,2143,2141.95,2135.83,2291174,4893564412,138321,873724,38.13
TCS,EQ,16-Sep-19,2141.95,2159.95,2173.4,2126.4,2150,2150,2151.17,2597948,5588631430,151943,1165596,44.87
TCS,EQ,17-Sep-19,2150,2154.95,2156.55,2105.6,2126.4,2122.65,2123.78,2796530,5939218334,121706,1594628,57.02
TCS,EQ,18-Sep-19,2122.65,2126.4,2142.95,2113.15,2141.15,2138.55,2133.02,1454663,3102820740,94064,674870,46.39
TCS,EQ,19-Sep-19,2138.55,2135,2135.8,2091,2096.9,2101.95,2103.74,1652691,3476827644,101537,791932,47.92
TCS,EQ,20-Sep-19,2101.95,2104.9,2129.4,2057,2069,2065.45,2083.7,6941979,14464976394,275363,4570451,65.84
TCS,EQ,23-Sep-19,2065.45,2099,2099,1975,2020,2015.8,2011.62,6323401,12720249671,293188,3672464,58.08
TCS,EQ,24-Sep-19,2015.8,2015,2061,2013,2047.3,2044.7,2045.07,4620978,9450241271,219776,2506661,54.25
TCS,EQ,25-Sep-19,2044.7,2065,2092,2060.05,2084,2088.45,2077.98,4002232,8316551654,205505,2508929,62.69
TCS,EQ,26-Sep-19,2088.45,2097.9,2107,2063,2089.6,2087.6,2084.45,4234281,8826127624,216311,2698499,63.73
TCS,EQ,27-Sep-19,2087.6,2085,2085.2,2051.4,2059,2056.15,2065.56,2046795,4227783648,125241,1044628,51.04
TCS,EQ,30-Sep-19,2056.15,2061.85,2104,2060,2097,2099.3,2090.07,2620039,5476076783,124092,1414661,53.99
TCS,EQ,1-Oct-19,2099.3,2095.95,2095.95,2039.7,2060.3,2059.95,2059.04,3342877,6883109001,170294,2098408,62.77
TCS,EQ,3-Oct-19,2059.95,2070,2081.15,2046.15,2056,2060.25,2065.47,2317618,4786975229,187925,1389047,59.93
TCS,EQ,4-Oct-19,2060.25,2060.6,2087.95,2054.95,2078,2079.35,2079.28,2163251,4498010283,128092,1442042,66.66
TCS,EQ,7-Oct-19,2079.35,2080,2094.5,2041,2046,2047.7,2062.27,2177916,4491446313,98775,1162115,53.36
TCS,EQ,9-Oct-19,2047.7,2060,2060,2015.5,2021.9,2020.1,2026.43,2066920,4188460128,107493,984558,47.63
TCS,EQ,10-Oct-19,2020.1,2028,2039.05,1997.1,2002.8,2004.45,2015.15,2881452,5806566989,125920,959388,33.3
TCS,EQ,11-Oct-19,2004.45,1931,1995,1925,1989,1986.85,1958.07,12593069,24658143172,327238,6323332,50.21
TCS,EQ,14-Oct-19,1986.85,1995,2032.75,1968,2021,2021,2009.8,3510704,7055809114,154256,1642252,46.78
TCS,EQ,15-Oct-19,2021,2032,2047,2022.7,2037.8,2037.3,2039.28,2261310,4611451970,147982,1390076,61.47
TCS,EQ,16-Oct-19,2037.3,2038,2056,2016,2055,2046.4,2032.41,3034082,6166492280,160140,1792942,59.09
TCS,EQ,17-Oct-19,2046.4,2014,2038,1999.3,2029,2030.95,2018.47,3818774,7708077724,189836,2333221,61.1
TCS,EQ,18-Oct-19,2030.95,2037.5,2063.9,2025,2059,2057.35,2046.03,3087901,6317936211,115810,1979438,64.1
TCS,EQ,22-Oct-19,2057.35,2080,2111.5,2040.05,2050,2051.4,2067.79,5552505,11481414802,236213,3583843,64.54
TCS,EQ,23-Oct-19,2051.4,2060,2083.85,2052.5,2082,2070.1,2068.82,2348134,4857858828,204587,1352785,57.61
TCS,EQ,24-Oct-19,2070.1,2084,2099,2061.3,2079.75,2082,2077.28,2798671,5813617173,156073,1754891,62.7
TCS,EQ,25-Oct-19,2082,2094,2130,2075.05,2121.6,2124.95,2102.55,3954245,8313995116,165203,2535407,64.12
TCS,EQ,27-Oct-19,2124.95,2129,2129,2108.8,2117.65,2115.7,2117.14,224421,475130157.2,13145,76692,34.17
TCS,EQ,29-Oct-19,2115.7,2121.5,2201.7,2121.5,2197.5,2194.85,2173.21,5064173,11005521982,261926,3658144,72.24
TCS,EQ,30-Oct-19,2194.85,2225,2260,2176.85,2258,2252.8,2229.89,5195136,11584598863,180430,3259740,62.75
TCS,EQ,31-Oct-19,2252.8,2250,2284.95,2237,2274.55,2269.65,2267.61,4879261,11064284038,170321,2815579,57.71
TCS,EQ,1-Nov-19,2269.65,2264,2275,2195,2207,2200.9,2218.97,4172620,9258915614,189932,2399676,57.51
TCS,EQ,4-Nov-19,2200.9,2207,2229.2,2180.9,2194.1,2193.95,2197.42,2646411,5815285937,111662,1206343,45.58
TCS,EQ,5-Nov-19,2193.95,2197,2211,2169,2198,2201.85,2187.98,2693475,5893271237,136536,1572121,58.37
TCS,EQ,6-Nov-19,2201.85,2200,2210.8,2179,2190.8,2188.5,2191.37,2540719,5567664863,112401,1426496,56.15
TCS,EQ,7-Nov-19,2188.5,2204.5,2204.5,2175.2,2185,2185.35,2186.08,1915598,4187659921,97328,1082863,56.53
TCS,EQ,8-Nov-19,2185.35,2189.6,2189.6,2124,2130,2129.95,2149.77,2788759,5995204048,110953,1620822,58.12
TCS,EQ,11-Nov-19,2129.95,2135,2139,2091,2100.9,2100.95,2105.79,2983768,6283193792,159080,1728479,57.93
TCS,EQ,13-Nov-19,2100.95,2118,2183.8,2118,2179,2178.6,2161.51,3823365,8264231080,160217,1769830,46.29
TCS,EQ,14-Nov-19,2178.6,2187.5,2200,2146.7,2190,2196.8,2183.42,2995915,6541336935,104976,1188996,39.69
TCS,EQ,15-Nov-19,2196.8,2196,2211.5,2168.75,2174.45,2174.45,2191.82,2724180,5970921736,95061,1528537,56.11
TCS,EQ,18-Nov-19,2174.45,2178.4,2187.75,2148.75,2151,2152.6,2159.1,1611089,3478507913,66947,935177,58.05
TCS,EQ,19-Nov-19,2152.6,2153,2154.65,2105,2110,2108.8,2116.98,2975313,6298664073,119968,1817909,61.1
TCS,EQ,20-Nov-19,2108.8,2121.95,2135,2094.5,2108.15,2108.55,2112.62,2894129,6114194014,119231,1321728,45.67
TCS,EQ,21-Nov-19,2108.55,2112,2126.6,2107.4,2117.4,2118.1,2120.22,2052574,4351898936,90452,1219100,59.39
TCS,EQ,22-Nov-19,2118.1,2097,2107,2060.5,2067.1,2071.7,2079.37,3742049,7781117093,137777,2162742,57.8
TCS,EQ,25-Nov-19,2071.7,2074.55,2084.95,2052.2,2083.5,2081.5,2075.63,2737010,5681024554,118827,1562308,57.08
TCS,EQ,26-Nov-19,2081.5,2089.85,2097.9,2035.05,2046.65,2046.65,2056.29,6561580,13492522425,164453,4970094,75.75
TCS,EQ,27-Nov-19,2046.65,2052,2071.7,2046.55,2055,2054.3,2060.49,2907521,5990929719,108988,2020463,69.49
TCS,EQ,28-Nov-19,2054.3,2067.05,2094.4,2060,2075.9,2077.35,2081.33,2924429,6086706923,142488,1651510,56.47
TCS,EQ,29-Nov-19,2077.35,2085,2085,2045.8,2051.65,2053.25,2055.87,2064271,4243879652,105237,1200921,58.18
TCS,EQ,2-Dec-19,2053.25,2060,2067.7,2016,2021,2021.05,2030.47,3809860,7735797779,159643,2540551,66.68
TCS,EQ,3-Dec-19,2021.05,2027.7,2062,2010,2052.95,2051,2044.01,4664774,9534847755,142334,2674853,57.34
TCS,EQ,4-Dec-19,2051,2053,2082,2045.5,2077,2078.5,2067.16,3334301,6892536518,108026,2056925,61.69
TCS,EQ,5-Dec-19,2078.5,2083,2126.8,2068.35,2120.2,2121.3,2107.54,3902721,8225150032,168163,2093683,53.65
TCS,EQ,6-Dec-19,2121.3,2124,2128,2101,2123.65,2123.6,2116.56,1829461,3872156015,71365,815426,44.57
TCS,EQ,9-Dec-19,2123.6,2127.95,2127.95,2053.5,2060,2060.45,2079.93,2244747,4668909749,100785,1047181,46.65
TCS,EQ,10-Dec-19,2060.45,2060,2060.85,2003.25,2016.25,2012.85,2020.99,4520045,9134965070,174993,2272296,50.27
TCS,EQ,11-Dec-19,2012.85,2025.4,2048,2006.75,2040,2041.9,2032.84,4943024,10048363661,165464,3004311,60.78
TCS,EQ,12-Dec-19,2041.9,2051.1,2083.65,1984,2003,2020.9,2039.92,7137306,14559533847,146550,4452408,62.38
TCS,EQ,13-Dec-19,2020.9,2023,2077.4,2007,2070,2071.25,2050.09,5711133,11708334592,173478,2245573,39.32
TCS,EQ,16-Dec-19,2071.25,2096,2136,2080.3,2130,2126.75,2116.76,5574177,11799218410,172181,2852266,51.17
TCS,EQ,17-Dec-19,2126.75,2126.5,2169,2119,2168.7,2164.95,2154.7,6059673,13056790687,217425,3457795,57.06
TCS,EQ,18-Dec-19,2164.95,2174,2203.45,2153,2166.8,2167.75,2182.48,8251081,18007821656,198563,4520690,54.79
TCS,EQ,19-Dec-19,2167.75,2179.8,2236.5,2167.55,2231.7,2229.05,2202.61,6251505,13769608435,181580,2570929,41.12
TCS,EQ,20-Dec-19,2229.05,2220,2246.7,2208.25,2219,2222.9,2225.89,5548338,12349976609,158986,2675704,48.23
TCS,EQ,23-Dec-19,2222.9,2210,2241.95,2210,2236,2231.7,2229.75,2247329,5010982046,113685,1168998,52.02
TCS,EQ,24-Dec-19,2231.7,2239,2243.55,2211.15,2216,2215.6,2223,1805896,4014504828,100655,892665,49.43
TCS,EQ,26-Dec-19,2215.6,2216.4,2229,2195.2,2202,2201.95,2207.75,1880367,4151371219,89812,832102,44.25
TCS,EQ,27-Dec-19,2201.95,2208,2226.4,2176,2209.9,2198.5,2192.11,2720261,5963118729,93892,1285882,47.27
TCS,EQ,30-Dec-19,2198.5,2207,2225,2177.1,2183.35,2183.2,2194.63,2288830,5023140879,84027,935920,40.89
TCS,EQ,31-Dec-19,2183.2,2189,2197,2157.45,2165,2161.7,2171.67,1909289,4146354805,69597,837101,43.84
TCS,EQ,1-Jan-20,2161.7,2168,2183.9,2154,2170,2167.6,2170.54,1354908,2940882382,44438,164490,12.14
TCS,EQ,2-Jan-20,2167.6,2179.95,2179.95,2149.2,2157,2157.65,2158.63,2380752,5139156143,99242,1204079,50.58
TCS,EQ,3-Jan-20,2157.65,2164,2223,2164,2201,2200.65,2199.26,4655761,10239206390,123516,1833823,39.39
TCS,EQ,6-Jan-20,2200.65,2205,2225.95,2187.9,2201.35,2200.45,2204.89,3023209,6665855309,135360,1000021,33.08
TCS,EQ,7-Jan-20,2200.45,2200.5,2214.65,2183.8,2205,2205.85,2203.53,2429317,5353063591,95018,966753,39.8
TCS,EQ,8-Jan-20,2205.85,2205,2260,2202.05,2253.35,2255.25,2240.22,5197454,11643424341,172815,2288411,44.03
TCS,EQ,9-Jan-20,2255.25,2248.75,2251.95,2210,2220,2214.35,2223.77,3734173,8303924064,134309,1805834,48.36
TCS,EQ,10-Jan-20,2214.35,2228,2234,2208,2213,2213.55,2219.51,1915807,4252150307,102938,767417,40.06
TCS,EQ,13-Jan-20,2213.55,2217.85,2218.95,2184.7,2193,2190.35,2197.65,2843893,6249872578,113645,1486327,52.26
TCS,EQ,14-Jan-20,2190.35,2195,2229.8,2195,2210,2206.9,2212.56,2948452,6523621598,132106,1276382,43.29
TCS,EQ,15-Jan-20,2206.9,2213,2231,2194.2,2225.05,2226.9,2212.65,2620681,5798644642,114594,1513859,57.77
TCS,EQ,16-Jan-20,2226.9,2226.95,2249,2215,2240,2238.8,2235.81,3117214,6969483359,113056,1736185,55.7
TCS,EQ,17-Jan-20,2238.8,2240.75,2253.55,2213,2220,2219.1,2232.37,3281059,7324550065,123528,1603410,48.87
TCS,EQ,20-Jan-20,2219.1,2194.9,2242.2,2156.2,2174,2170.35,2182.48,5817599,12696797977,216725,2321286,39.9
TCS,EQ,21-Jan-20,2170.35,2169.95,2186.55,2158.05,2172.35,2171.05,2170.95,1902980,4131268512,115866,865491,45.48
TCS,EQ,22-Jan-20,2171.05,2181,2210,2173.7,2209.8,2206.9,2198.89,1773686,3900137863,109240,782190,44.1
TCS,EQ,23-Jan-20,2206.9,2209.8,2217.75,2183.7,2188,2190.95,2200.81,2069866,4555383340,110107,1214278,58.66
TCS,EQ,24-Jan-20,2190.95,2190.95,2190.95,2170,2185,2183.4,2179.72,1319430,2875988029,55949,607438,46.04
TCS,EQ,27-Jan-20,2183.4,2189.7,2193.45,2165,2168.3,2169.25,2172.99,1549101,3366187862,62160,771303,49.79
TCS,EQ,28-Jan-20,2169.25,2174,2187.8,2152,2183.8,2183.75,2169.48,1743024,3781454133,79762,906541,52.01
TCS,EQ,29-Jan-20,2183.75,2185,2186.95,2150,2154,2154.6,2164.12,2306761,4992115935,88479,1307797,56.69
TCS,EQ,30-Jan-20,2154.6,2160,2165,2125,2134.65,2137.85,2140.26,2098567,4491487116,88883,1056509,50.34
TCS,EQ,31-Jan-20,2137.85,2139.4,2144.35,2071.6,2082.4,2079.05,2098.15,3287223,6897092273,131558,2194449,66.76
TCS,EQ,1-Feb-20,2079.05,2079.5,2180.7,2063.6,2167.5,2164.85,2129.7,3319716,7070007900,112061,1798795,54.19
TCS,EQ,3-Feb-20,2164.85,2152,2194.7,2093.2,2110,2102.5,2136.37,4728073,10100912568,194574,2519349,53.28
TCS,EQ,4-Feb-20,2102.5,2129,2136.7,2086.6,2111.95,2107.75,2111.28,3509339,7409207264,130941,1569247,44.72
TCS,EQ,5-Feb-20,2107.75,2115,2156.7,2104.3,2147.5,2146.55,2136.16,2439322,5210791951,132082,1373557,56.31
TCS,EQ,6-Feb-20,2146.55,2145,2174.2,2115.5,2129.45,2128.35,2146.02,2640065,5665630316,97158,1284341,48.65
TCS,EQ,7-Feb-20,2128.35,2139,2151,2119,2138,2136.55,2131.41,2083442,4440665629,73200,1151799,55.28
TCS,EQ,10-Feb-20,2136.55,2140.9,2167,2119,2153.1,2161.95,2149.9,2383032,5123271169,88969,1298489,54.49
TCS,EQ,11-Feb-20,2161.95,2163,2174.8,2147.6,2152.7,2153.4,2157.68,1335820,2882266531,76595,606633,45.41
TCS,EQ,12-Feb-20,2153.4,2151.1,2185,2150,2173.1,2170.75,2173.56,1620407,3522057735,98406,791500,48.85
TCS,EQ,13-Feb-20,2170.75,2172.95,2197,2171,2191,2191.95,2186.71,1645948,3599206272,73525,886163,53.84
TCS,EQ,14-Feb-20,2191.95,2188,2212,2171,2183,2184.2,2190.86,1500115,3286548194,117257,662963,44.19
TCS,EQ,17-Feb-20,2184.2,2196.95,2217,2190.2,2202.05,2203.25,2204.55,1774724,3912463072,81968,868712,48.95
TCS,EQ,18-Feb-20,2203.25,2199.95,2221,2186.05,2215,2215.75,2208.09,2486223,5489791842,98311,1511442,60.79
TCS,EQ,19-Feb-20,2215.75,2215.75,2230,2190.5,2194.1,2196.35,2209.81,1760463,3890285125,77338,1061209,60.28
TCS,EQ,20-Feb-20,2196.35,2204.5,2214.4,2151.25,2157,2156.8,2189.19,2317278,5072973394,121407,1447215,62.45
